track_id,timestamp,Radar id,time_from_start,num assoc,range,doppler,x,y,z,vx,vy,vz,calc_dopp,is assoc,assoc_timestamp,assoc_x,assoc_y,assoc_z,assoc_dopp,z var,class
1,1.9,0,1.55,16,9.8,-0.6,5.7,7.7,-2.7,0.2,1.7,0.9,1.2,1,1.9,6.0,9.1,-3.2,-0.7,2.5,Human
1,1.95,0,1.6,17,10.3,-0.6,5.7,8.7,-1.9,0.2,2.7,1.7,2.0,1,1.95,5.7,9.9,-0.4,-1.0,2.64,Human
1,2.0,0,1.65,18,10.7,-0.6,5.8,8.9,-2.3,0.3,2.8,1.2,2.3,1,2.0,6.0,9.1,-3.3,-0.8,2.61,Human
1,2.05,0,1.7,18,10.6,-0.6,5.9,9.1,-2.2,0.3,2.8,1.2,2.3,0,,,,,,2.61,Human
1,2.1,0,1.75,18,10.6,-0.6,5.9,9.2,-2.2,0.3,2.8,1.2,2.4,0,,,,,,2.61,Human
1,2.15,0,1.8,19,10.6,-0.6,4.5,9.0,1.0,-1.1,2.5,4.5,2.1,1,2.15,3.6,8.8,4.5,-0.2,4.8,Human
1,2.2,0,1.85,19,10.6,-0.6,4.5,9.2,1.3,-1.1,2.5,4.5,2.2,0,,,,,,4.8,Human
1,2.25,0,1.9,20,10.2,-0.6,3.5,7.8,3.9,-2.2,0.8,7.1,2.5,1,2.25,2.7,6.6,6.7,-0.7,5.89,Human
1,2.3,0,1.95,21,9.7,-0.6,3.1,7.6,4.2,-2.5,0.6,7.0,2.7,1,2.3,2.8,7.4,4.1,-0.7,5.6,Human
1,2.35,0,2.0,21,9.6,-0.6,3.0,7.7,4.6,-2.5,0.6,7.0,3.0,0,,,,,,5.6,Human
1,2.4,0,2.05,21,9.6,-0.6,2.8,7.7,4.9,-2.5,0.6,7.0,3.3,0,,,,,,5.6,Human
1,2.45,0,2.1,22,9.3,-0.7,2.9,8.0,3.5,-2.3,0.9,5.2,2.1,1,2.45,3.1,8.2,1.8,-0.7,5.88,Human
1,2.5,0,2.15,23,9.1,-0.7,2.9,7.9,3.5,-2.1,0.8,4.9,1.9,1,2.5,3.1,7.8,3.1,-0.8,5.63,Human
1,2.55,0,2.2,23,9.1,-0.7,2.8,8.0,3.8,-2.1,0.8,4.9,2.0,0,,,,,,5.63,Human
1,2.6,0,2.25,23,9.0,-0.7,2.7,8.0,4.0,-2.1,0.8,4.9,2.2,0,,,,,,5.63,Human
1,2.65,0,2.3,23,9.0,-0.7,2.6,8.1,4.2,-2.1,0.8,4.9,2.4,0,,,,,,5.63,Human
1,2.7,0,2.35,23,9.0,-0.7,2.5,8.1,4.5,-2.1,0.8,4.9,2.5,0,,,,,,5.63,Human
1,2.75,0,2.4,23,8.9,-0.7,2.4,8.1,4.7,-2.1,0.8,4.9,2.7,0,,,,,,5.63,Human
1,2.8,0,2.45,23,8.9,-0.7,2.3,8.2,5.0,-2.1,0.8,4.9,2.9,0,,,,,,5.63,Human
1,2.85,0,2.5,24,8.9,-0.6,2.9,8.0,3.5,-1.4,0.6,3.1,1.3,1,2.85,3.1,8.0,2.7,-0.2,5.66,Human
1,2.9,0,2.55,24,8.9,-0.6,2.8,8.1,3.6,-1.4,0.6,3.1,1.4,0,,,,,,5.66,Human
1,2.95,0,2.6,24,8.9,-0.6,2.7,8.1,3.8,-1.4,0.6,3.1,1.4,0,,,,,,5.66,Human
1,3.0,0,2.65,24,8.9,-0.6,2.7,8.1,3.9,-1.4,0.6,3.1,1.5,0,,,,,,5.66,Human
1,3.05,0,2.7,24,8.9,-0.6,2.6,8.2,4.1,-1.4,0.6,3.1,1.6,0,,,,,,5.66,Human
1,3.1,0,2.75,24,8.9,-0.6,2.5,8.2,4.2,-1.4,0.6,3.1,1.6,0,,,,,,5.66,Human
1,3.15,0,2.8,24,8.9,-0.6,2.5,8.2,4.4,-1.4,0.6,3.1,1.7,0,,,,,,5.66,Human
1,3.2,0,2.85,25,8.9,-0.6,2.5,8.2,3.3,-1.3,0.5,1.9,0.8,1,3.2,2.5,8.1,2.8,-0.5,5.55,Human
1,3.25,0,2.9,25,8.9,-0.6,2.4,8.2,3.4,-1.3,0.5,1.9,0.8,0,,,,,,5.55,Human
1,3.3,0,2.95,26,9.3,-0.6,2.0,7.8,4.8,-1.7,0.1,3.2,1.3,1,3.3,1.8,7.6,5.9,-0.5,5.56,Human
1,3.35,0,3.0,26,9.3,-0.6,2.0,7.8,4.9,-1.7,0.1,3.2,1.4,0,,,,,,5.56,Human
1,3.4,0,3.05,26,9.3,-0.6,1.9,7.8,5.1,-1.7,0.1,3.2,1.5,0,,,,,,5.56,Human
1,3.45,0,3.1,26,9.3,-0.6,1.8,7.8,5.3,-1.7,0.1,3.2,1.6,0,,,,,,5.56,Human
7,3.45,0,3.1,16,16.8,-0.3,-3.6,12.5,9.7,-1.9,-1.1,2.3,0.9,1,3.45,-4.5,10.9,13.5,-0.2,10.69,Human
1,3.5,0,3.15,26,9.2,-0.6,1.7,7.8,5.4,-1.7,0.1,3.2,1.6,0,,,,,,5.56,Human
7,3.5,0,3.15,16,16.8,-0.3,-3.7,12.4,9.8,-1.9,-1.1,2.3,1.0,0,,,,,,10.69,Human
1,3.55,0,3.2,26,9.2,-0.6,1.6,7.8,5.6,-1.7,0.1,3.2,1.7,0,,,,,,5.56,Human
7,3.55,0,3.2,17,17.3,-0.2,-3.5,14.9,7.7,-1.7,1.7,-0.1,1.8,1,3.55,-3.4,16.9,4.9,-0.2,11.5,Human
1,3.6,0,3.25,26,9.2,-0.6,1.5,7.8,5.7,-1.7,0.1,3.2,1.8,0,,,,,,5.56,Human
7,3.6,0,3.25,18,16.9,-0.2,-3.6,12.9,9.3,-1.6,-0.6,1.6,0.8,1,3.6,-3.6,10.6,11.8,-0.2,11.75,Human
1,3.65,0,3.3,26,9.2,-0.6,1.5,7.8,5.9,-1.7,0.1,3.2,1.9,0,,,,,,5.56,Human
7,3.65,0,3.3,18,16.9,-0.2,-3.7,12.9,9.4,-1.6,-0.6,1.6,0.8,0,,,,,,11.75,Human
1,3.7,0,3.35,26,9.1,-0.6,1.4,7.8,6.0,-1.7,0.1,3.2,1.9,0,,,,,,5.56,Human
7,3.7,0,3.35,19,16.2,-0.3,1.9,13.4,5.8,4.8,0.0,-2.5,-0.3,1,3.7,6.8,13.9,0.9,-0.7,14.96,Human
1,3.75,0,3.4,26,9.1,-0.6,1.3,7.9,6.2,-1.7,0.1,3.2,2.0,0,,,,,,5.56,Human
7,3.75,0,3.4,20,15.9,-0.3,0.0,13.9,5.4,2.4,0.6,-2.7,-0.4,1,3.75,-2.4,14.4,5.0,-0.2,14.2,Human
1,3.8,0,3.45,27,10.2,-0.6,2.4,8.2,6.2,-0.5,0.4,3.0,2.0,1,3.8,2.6,8.2,6.1,-0.3,5.35,Human
7,3.8,0,3.45,21,15.4,-0.3,-1.5,9.8,8.2,0.4,-4.3,0.6,-2.5,1,3.8,-3.7,4.6,13.4,-0.2,16.68,Human
1,3.85,0,3.5,28,9.6,-0.6,2.3,7.7,5.4,-0.6,-0.1,2.2,1.0,1,3.85,2.2,7.4,4.5,-0.7,5.26,Human
7,3.85,0,3.5,22,15.4,-0.2,-1.9,11.3,7.8,-0.0,-2.3,0.1,-1.6,1,3.85,-2.4,13.5,7.1,-0.2,15.95,Human
1,3.9,0,3.55,28,9.5,-0.6,2.3,7.7,5.5,-0.6,-0.1,2.2,1.1,0,,,,,,5.26,Human
7,3.9,0,3.55,22,15.4,-0.2,-1.9,11.2,7.8,-0.0,-2.3,0.1,-1.6,0,,,,,,15.95,Human
1,3.95,0,3.6,28,9.5,-0.6,2.3,7.7,5.7,-0.6,-0.1,2.2,1.1,0,,,,,,5.26,Human
7,3.95,0,3.6,22,15.4,-0.2,-1.9,11.1,7.8,-0.0,-2.3,0.1,-1.5,0,,,,,,15.95,Human
1,4.0,0,3.65,29,9.2,-0.7,2.1,6.9,5.9,-0.8,-1.1,2.3,0.5,1,4.0,2.0,6.3,6.0,-0.8,5.08,Human
7,4.0,0,3.65,22,15.4,-0.2,-1.9,10.9,7.8,-0.0,-2.3,0.1,-1.5,0,,,,,,15.95,Human
1,4.05,0,3.7,30,9.1,-0.6,2.1,6.8,5.8,-0.7,-1.1,2.0,0.3,1,4.05,2.2,6.8,5.4,-0.3,4.91,Human
7,4.05,0,3.7,22,15.4,-0.2,-1.9,10.8,7.8,-0.0,-2.3,0.1,-1.5,0,,,,,,15.95,Human
1,4.1,0,3.75,31,9.6,-0.6,2.3,7.7,5.6,-0.4,0.1,1.7,1.0,1,4.1,2.6,8.9,5.1,-0.2,4.77,Human
7,4.1,0,3.75,22,15.4,-0.2,-1.9,10.7,7.9,-0.0,-2.3,0.1,-1.5,0,,,,,,15.95,Human
1,4.15,0,3.8,31,9.6,-0.6,2.3,7.7,5.7,-0.4,0.1,1.7,1.0,0,,,,,,4.77,Human
7,4.15,0,3.8,23,15.9,-0.2,-2.4,11.1,10.1,-0.5,-1.7,2.5,0.5,1,4.15,-2.5,11.3,11.4,-0.2,15.77,Human
1,4.2,0,3.85,32,9.3,-0.6,2.0,7.0,5.9,-0.8,-0.8,1.9,0.4,1,4.2,1.7,6.3,6.1,-0.7,4.62,Human
7,4.2,0,3.85,23,15.9,-0.2,-2.4,11.1,10.3,-0.5,-1.7,2.5,0.5,0,,,,,,15.77,Human
1,4.3,0,3.95,33,9.1,-0.6,1.8,6.6,6.1,-0.9,-1.3,2.0,0.2,1,4.3,1.7,6.2,6.2,-0.8,4.48,Human
7,4.3,0,3.95,23,15.9,-0.2,-2.5,10.9,10.5,-0.5,-1.7,2.5,0.6,0,,,,,,15.77,Human
1,4.35,0,4.0,34,9.1,-0.6,1.8,6.8,5.8,-0.8,-0.9,1.4,0.0,1,4.35,2.0,7.2,5.0,-0.5,4.38,Human
7,4.35,0,4.0,23,15.9,-0.2,-2.5,10.8,10.6,-0.5,-1.7,2.5,0.6,0,,,,,,15.77,Human
1,4.4,0,4.05,35,9.0,-0.6,1.7,6.7,5.8,-0.9,-1.0,1.3,-0.0,1,4.4,1.7,6.6,5.8,-0.3,4.25,Human
7,4.4,0,4.05,24,15.6,-0.2,-3.5,9.5,11.5,-1.6,-3.0,3.3,0.9,1,4.4,-3.9,9.1,11.9,-0.2,15.14,Human
1,4.45,0,4.1,35,9.0,-0.6,1.7,6.7,5.9,-0.9,-1.0,1.3,0.0,0,,,,,,4.25,Human
7,4.45,0,4.1,24,15.6,-0.2,-3.6,9.4,11.7,-1.6,-3.0,3.3,1.0,0,,,,,,15.14,Human
1,4.5,0,4.15,36,9.3,-0.5,1.7,6.8,6.2,-0.8,-0.8,1.7,0.4,1,4.5,1.8,6.9,6.6,-0.3,4.15,Human
7,4.5,0,4.15,24,15.6,-0.2,-3.7,9.2,11.8,-1.6,-3.0,3.3,1.1,0,,,,,,15.14,Human
1,4.55,0,4.2,37,9.2,-0.5,1.8,6.7,6.1,-0.6,-0.8,1.4,0.2,1,4.55,2.0,6.7,5.7,-0.3,4.04,Human
7,4.55,0,4.2,24,15.6,-0.2,-3.7,9.1,12.0,-1.6,-3.0,3.3,1.1,0,,,,,,15.14,Human
1,4.6,0,4.25,38,9.1,-0.5,1.9,6.3,6.2,-0.5,-1.2,1.5,0.1,1,4.6,2.0,6.0,6.4,-0.5,3.94,Human
7,4.6,0,4.25,24,15.6,-0.2,-3.8,8.9,12.1,-1.6,-3.0,3.3,1.2,0,,,,,,15.14,Human
1,4.65,0,4.3,38,9.1,-0.5,1.8,6.3,6.3,-0.5,-1.2,1.5,0.1,0,,,,,,3.94,Human
7,4.65,0,4.3,24,15.6,-0.2,-3.9,8.8,12.3,-1.6,-3.0,3.3,1.3,0,,,,,,15.14,Human
1,4.75,0,4.4,38,9.0,-0.5,1.8,6.2,6.5,-0.5,-1.2,1.5,0.2,0,,,,,,3.94,Human
7,4.75,0,4.4,24,15.6,-0.2,-4.1,8.5,12.6,-1.6,-3.0,3.3,1.4,0,,,,,,15.14,Human
1,4.8,0,4.45,38,9.0,-0.5,1.8,6.1,6.5,-0.5,-1.2,1.5,0.2,0,,,,,,3.94,Human
7,4.8,0,4.45,24,15.6,-0.2,-4.2,8.3,12.8,-1.6,-3.0,3.3,1.5,0,,,,,,15.14,Human
1,4.85,0,4.5,38,9.0,-0.5,1.7,6.1,6.6,-0.5,-1.2,1.5,0.2,0,,,,,,3.94,Human
7,4.85,0,4.5,24,15.6,-0.2,-4.2,8.2,13.0,-1.6,-3.0,3.3,1.6,0,,,,,,15.14,Human
1,4.9,0,4.55,38,8.9,-0.5,1.7,6.0,6.7,-0.5,-1.2,1.5,0.2,0,,,,,,3.94,Human
7,4.9,0,4.55,24,15.6,-0.2,-4.3,8.0,13.1,-1.6,-3.0,3.3,1.7,0,,,,,,15.14,Human
1,4.95,0,4.6,38,8.9,-0.5,1.7,5.9,6.8,-0.5,-1.2,1.5,0.3,0,,,,,,3.94,Human
7,4.95,0,4.6,24,15.5,-0.2,-4.4,7.8,13.3,-1.6,-3.0,3.3,1.7,0,,,,,,15.14,Human
1,5.0,0,4.65,38,8.9,-0.5,1.6,5.9,6.8,-0.5,-1.2,1.5,0.3,0,,,,,,3.94,Human
7,5.0,0,4.65,24,15.5,-0.2,-4.5,7.7,13.5,-1.6,-3.0,3.3,1.8,0,,,,,,15.14,Human
1,5.05,0,4.7,38,8.9,-0.5,1.6,5.8,6.9,-0.5,-1.2,1.5,0.3,0,,,,,,3.94,Human
7,5.05,0,4.7,25,16.1,-0.2,-2.3,13.8,8.2,0.3,2.3,-1.2,1.3,1,5.05,-2.0,14.5,7.2,-0.2,16.17,Human
1,5.1,0,4.75,38,8.9,-0.5,1.6,5.8,7.0,-0.5,-1.2,1.5,0.3,0,,,,,,3.94,Human
7,5.1,0,4.75,26,15.8,-0.2,-2.9,10.6,10.6,-0.2,-0.8,0.9,0.1,1,5.1,-3.4,7.9,12.8,-0.2,16.36,Human
1,5.15,0,4.8,38,8.8,-0.5,1.6,5.7,7.1,-0.5,-1.2,1.5,0.3,0,,,,,,3.94,Human
7,5.15,0,4.8,27,15.3,-0.2,-3.0,7.9,11.7,-0.4,-3.5,2.0,-0.2,1,5.15,-3.2,4.9,13.4,-0.2,16.03,Human
1,5.25,0,4.9,38,8.8,-0.5,1.5,5.6,7.2,-0.5,-1.2,1.5,0.4,0,,,,,,3.94,Human
7,5.25,0,4.9,27,15.3,-0.2,-3.1,7.6,11.9,-0.4,-3.5,2.0,-0.1,0,,,,,,16.03,Human
1,5.3,0,4.95,38,8.8,-0.5,1.5,5.5,7.3,-0.5,-1.2,1.5,0.4,0,,,,,,3.94,Human
7,5.3,0,4.95,27,15.3,-0.2,-3.1,7.4,12.0,-0.4,-3.5,2.0,-0.1,0,,,,,,16.03,Human
1,5.35,0,5.0,38,8.8,-0.5,1.5,5.5,7.4,-0.5,-1.2,1.5,0.4,0,,,,,,3.94,Human
7,5.35,0,5.0,27,15.3,-0.2,-3.1,7.2,12.1,-0.4,-3.5,2.0,-0.0,0,,,,,,16.03,Human
1,5.45,0,5.1,38,8.7,-0.5,1.4,5.3,7.5,-0.5,-1.2,1.5,0.5,0,,,,,,3.94,Human
7,5.45,0,5.1,28,14.0,-0.2,-3.5,4.3,-2.4,-0.8,-6.6,-14.6,0.6,1,5.45,-3.7,3.3,-12.0,-0.2,36.67,Human
1,5.5,0,5.15,38,8.7,-0.5,1.4,5.3,7.6,-0.5,-1.2,1.5,0.5,0,,,,,,3.94,Human
7,5.5,0,5.15,29,14.6,-0.2,-0.7,6.1,-7.5,2.4,-4.1,-19.4,8.1,1,5.5,1.9,8.1,-13.0,-0.2,38.76,Human
1,5.55,0,5.2,38,8.7,-0.5,1.4,5.2,7.7,-0.5,-1.2,1.5,0.5,0,,,,,,3.94,Human
7,5.55,0,5.2,29,14.6,-0.2,-0.6,5.9,-8.5,2.4,-4.1,-19.4,9.5,0,,,,,,38.76,Human
1,5.6,0,5.25,38,8.7,-0.5,1.3,5.2,7.7,-0.5,-1.2,1.5,0.6,0,,,,,,3.94,Human
7,5.6,0,5.25,29,14.6,-0.2,-0.5,5.7,-9.5,2.4,-4.1,-19.4,10.9,0,,,,,,38.76,Human
1,5.65,0,5.3,38,8.6,-0.5,1.3,5.1,7.8,-0.5,-1.2,1.5,0.6,0,,,,,,3.94,Human
7,5.65,0,5.3,29,14.6,-0.2,-0.4,5.5,-10.5,2.4,-4.1,-19.4,12.3,0,,,,,,38.76,Human
1,5.7,0,5.35,38,8.6,-0.5,1.3,5.1,7.9,-0.5,-1.2,1.5,0.6,0,,,,,,3.94,Human
7,5.7,0,5.35,30,16.0,-0.2,-2.2,12.0,-1.1,0.4,2.9,-9.1,2.7,1,5.7,-3.2,15.3,6.8,-0.2,48.54,Human
1,5.75,0,5.4,38,8.6,-0.5,1.2,5.0,8.0,-0.5,-1.2,1.5,0.6,0,,,,,,3.94,Human
7,5.75,0,5.4,31,15.4,-0.2,-0.6,11.8,-4.9,2.0,2.4,-12.4,5.7,1,5.75,0.9,11.3,-9.3,-0.7,48.83,Human
7,5.8,0,5.45,32,15.7,-0.2,-1.2,13.7,-2.3,1.3,4.4,-9.1,5.0,1,5.8,-2.0,15.9,3.0,-0.2,49.48,Human
7,5.85,0,5.5,32,15.7,-0.2,-1.1,13.9,-2.7,1.3,4.4,-9.1,5.4,0,,,,,,49.48,Human
7,5.95,0,5.6,33,16.3,-0.2,-1.9,15.8,-1.8,0.1,6.2,-6.9,6.8,1,5.95,-2.7,16.9,0.4,-0.2,48.45,Human
7,6.0,0,5.65,33,16.3,-0.2,-1.9,16.1,-2.1,0.1,6.2,-6.9,7.0,0,,,,,,48.45,Human
7,6.05,0,5.7,33,16.3,-0.2,-1.9,16.4,-2.5,0.1,6.2,-6.9,7.3,0,,,,,,48.45,Human
7,6.1,0,5.75,33,16.3,-0.2,-1.9,16.7,-2.8,0.1,6.2,-6.9,7.6,0,,,,,,48.45,Human
7,6.15,0,5.8,34,16.7,-0.2,-2.8,15.8,2.7,-0.9,4.9,-0.7,4.6,1,6.15,-3.2,15.2,7.2,-0.2,50.12,Human
7,6.2,0,5.85,34,16.7,-0.2,-2.8,16.0,2.7,-0.9,4.9,-0.7,4.7,0,,,,,,50.12,Human
7,6.25,0,5.9,35,16.5,-0.2,-2.7,14.6,5.7,-0.6,3.1,2.5,3.7,1,6.25,-2.5,13.4,8.9,-0.2,49.74,Human
7,6.3,0,5.95,36,16.7,-0.2,-2.7,15.4,5.4,-0.6,3.9,2.0,4.3,1,6.3,-2.7,16.2,4.8,-0.2,48.35,Human
7,6.35,0,6.0,36,16.7,-0.2,-2.7,15.6,5.5,-0.6,3.9,2.0,4.4,0,,,,,,48.35,Human
7,6.4,0,6.05,36,16.7,-0.2,-2.8,15.8,5.6,-0.6,3.9,2.0,4.4,0,,,,,,48.35,Human
7,6.45,0,6.1,36,16.7,-0.2,-2.8,16.0,5.7,-0.6,3.9,2.0,4.5,0,,,,,,48.35,Human
7,6.5,0,6.15,36,16.7,-0.2,-2.8,16.2,5.8,-0.6,3.9,2.0,4.5,0,,,,,,48.35,Human
7,6.55,0,6.2,36,16.7,-0.2,-2.8,16.4,5.9,-0.6,3.9,2.0,4.6,0,,,,,,48.35,Human
7,6.6,0,6.25,36,16.7,-0.2,-2.9,16.6,6.0,-0.6,3.9,2.0,4.7,0,,,,,,48.35,Human
7,6.65,0,6.3,36,16.7,-0.2,-2.9,16.8,6.1,-0.6,3.9,2.0,4.7,0,,,,,,48.35,Human
7,6.7,0,6.35,36,16.7,-0.2,-2.9,17.0,6.2,-0.6,3.9,2.0,4.8,0,,,,,,48.35,Human
7,6.75,0,6.4,36,16.7,-0.2,-3.0,17.2,6.3,-0.6,3.9,2.0,4.9,0,,,,,,48.35,Human
7,6.8,0,6.45,36,16.7,-0.2,-3.0,17.4,6.4,-0.6,3.9,2.0,4.9,0,,,,,,48.35,Human
7,6.85,0,6.5,36,16.7,-0.2,-3.0,17.6,6.5,-0.6,3.9,2.0,5.0,0,,,,,,48.35,Human
5,6.9,0,6.55,21,43.4,-0.2,-3.3,41.4,12.9,-4.0,3.4,0.5,3.7,1,6.9,-2.8,43.9,8.5,-0.2,85.02,Human
7,6.9,0,6.55,36,16.6,-0.2,-3.1,17.8,6.6,-0.6,3.9,2.0,5.0,0,,,,,,48.35,Human
5,6.95,0,6.6,22,43.0,-0.2,-3.7,40.6,13.6,-4.2,2.3,1.3,3.0,1,6.95,-4.0,39.5,14.7,-0.2,81.12,Human
7,6.95,0,6.6,36,16.6,-0.2,-3.1,18.0,6.7,-0.6,3.9,2.0,5.1,0,,,,,,48.35,Human
5,7.0,0,6.65,23,43.6,-0.2,-3.4,42.0,12.1,-3.6,3.9,-0.5,3.9,1,7.0,-2.8,43.7,9.4,-0.3,78.2,Human
7,7.0,0,6.65,36,16.6,-0.2,-3.1,18.1,6.8,-0.6,3.9,2.0,5.2,0,,,,,,48.35,Human
5,7.05,0,6.7,24,43.1,-0.2,-4.3,40.5,13.9,-4.5,1.8,1.6,2.7,1,7.05,-5.3,38.3,17.2,-0.2,75.87,Human
7,7.05,0,6.7,36,16.6,-0.2,-3.1,18.3,6.9,-0.6,3.9,2.0,5.2,0,,,,,,48.35,Human
5,7.1,0,6.75,24,43.1,-0.2,-4.6,40.6,14.0,-4.5,1.8,1.6,2.7,0,,,,,,75.87,Human
7,7.1,0,6.75,36,16.6,-0.2,-3.2,18.5,7.0,-0.6,3.9,2.0,5.3,0,,,,,,48.35,Human
5,7.2,0,6.85,25,43.1,-0.2,-3.7,42.0,9.1,-2.7,3.5,-4.9,2.6,1,7.2,-2.7,42.9,3.1,-0.2,77.59,Human
7,7.2,0,6.85,36,16.6,-0.2,-3.2,18.9,7.2,-0.6,3.9,2.0,5.4,0,,,,,,48.35,Human
5,7.25,0,6.9,25,43.1,-0.2,-3.8,42.2,8.9,-2.7,3.5,-4.9,2.7,0,,,,,,77.59,Human
7,7.25,0,6.9,36,16.6,-0.2,-3.3,19.1,7.3,-0.6,3.9,2.0,5.5,0,,,,,,48.35,Human
5,7.3,0,6.95,25,43.1,-0.2,-4.0,42.4,8.6,-2.7,3.5,-4.9,2.7,0,,,,,,77.59,Human
7,7.3,0,6.95,36,16.6,-0.2,-3.3,19.3,7.4,-0.6,3.9,2.0,5.5,0,,,,,,48.35,Human
5,7.35,0,7.0,26,42.3,-0.2,-4.0,40.2,11.4,-2.5,0.8,-1.5,0.6,1,7.35,-3.9,38.8,14.2,-0.2,75.79,Human
7,7.35,0,7.0,36,16.6,-0.2,-3.3,19.5,7.5,-0.6,3.9,2.0,5.6,0,,,,,,48.35,Human
5,7.45,0,7.1,27,43.0,-0.2,-4.2,41.4,11.2,-2.4,2.3,-1.6,2.0,1,7.45,-4.1,42.3,11.0,-0.2,72.87,Human
5,7.5,0,7.15,27,43.0,-0.2,-4.3,41.5,11.1,-2.4,2.3,-1.6,2.0,0,,,,,,72.87,Human
5,7.55,0,7.2,27,43.0,-0.2,-4.4,41.6,11.0,-2.4,2.3,-1.6,2.0,0,,,,,,72.87,Human
5,7.6,0,7.25,27,42.9,-0.2,-4.5,41.7,10.9,-2.4,2.3,-1.6,2.0,0,,,,,,72.87,Human
5,7.65,0,7.3,27,42.9,-0.2,-4.6,41.8,10.9,-2.4,2.3,-1.6,2.1,0,,,,,,72.87,Human
5,7.7,0,7.35,27,42.9,-0.2,-4.8,41.9,10.8,-2.4,2.3,-1.6,2.1,0,,,,,,72.87,Human
5,7.75,0,7.4,27,42.9,-0.2,-4.9,42.0,10.7,-2.4,2.3,-1.6,2.1,0,,,,,,72.87,Human
5,7.8,0,7.45,27,42.9,-0.2,-5.0,42.1,10.6,-2.4,2.3,-1.6,2.1,0,,,,,,72.87,Human
5,7.85,0,7.5,27,42.9,-0.2,-5.1,42.3,10.5,-2.4,2.3,-1.6,2.1,0,,,,,,72.87,Human
5,7.9,0,7.55,28,44.8,-0.2,-3.2,44.4,8.6,-0.5,4.2,-3.3,3.5,1,7.9,-2.8,44.8,8.0,-0.2,70.38,Human
5,7.95,0,7.6,29,45.9,-0.2,-2.3,45.9,6.5,0.4,5.5,-5.2,4.7,1,7.95,-1.5,47.0,4.3,-0.3,68.46,Human
5,8.0,0,7.65,29,45.9,-0.2,-2.3,46.2,6.2,0.4,5.5,-5.2,4.8,0,,,,,,68.46,Human
5,8.05,0,7.7,29,45.9,-0.2,-2.2,46.4,5.9,0.4,5.5,-5.2,4.8,0,,,,,,68.46,Human
5,8.1,0,7.75,29,45.9,-0.2,-2.2,46.7,5.7,0.4,5.5,-5.2,4.9,0,,,,,,68.46,Human
5,8.15,0,7.8,30,46.2,-0.2,-1.7,46.5,1.0,1.0,5.0,-9.6,4.8,1,8.15,-1.4,46.3,-2.2,-0.3,68.05,Human
5,8.2,0,7.85,31,45.9,-0.2,-1.5,46.1,1.9,1.1,4.2,-8.2,3.8,1,8.2,-1.4,45.4,3.7,-0.2,66.1,Human
5,8.3,0,7.95,31,45.9,-0.2,-1.4,46.5,1.1,1.1,4.2,-8.2,4.0,0,,,,,,66.1,Human
5,8.4,0,8.05,32,46.1,-0.2,-1.4,46.6,-0.6,1.0,3.7,-9.3,3.8,1,8.4,-1.4,46.3,-1.5,-0.5,64.06,Human
5,8.45,0,8.1,33,45.9,-0.2,-1.4,46.1,-2.1,0.9,2.9,-10.5,3.3,1,8.45,-1.4,45.4,-3.5,-0.2,62.24,Human
5,8.5,0,8.15,33,45.9,-0.2,-1.3,46.3,-2.6,0.9,2.9,-10.5,3.5,0,,,,,,62.24,Human
5,8.55,0,8.2,33,45.9,-0.2,-1.3,46.4,-3.1,0.9,2.9,-10.5,3.6,0,,,,,,62.24,Human
5,8.6,0,8.25,33,45.8,-0.2,-1.2,46.5,-3.7,0.9,2.9,-10.5,3.7,0,,,,,,62.24,Human
5,8.65,0,8.3,33,45.8,-0.2,-1.2,46.7,-4.2,0.9,2.9,-10.5,3.9,0,,,,,,62.24,Human
5,8.7,0,8.35,34,45.7,-0.2,-2.4,45.3,-7.0,-0.3,1.3,-12.8,3.3,1,8.7,-2.8,44.7,-8.4,-0.5,60.77,Human
5,8.75,0,8.4,35,44.5,-0.2,-1.8,44.2,-3.8,0.3,0.1,-8.9,0.9,1,8.75,-1.3,43.1,1.0,-0.2,61.1,Human
5,8.85,0,8.5,36,44.6,-0.2,-1.6,44.4,-3.8,0.5,0.4,-7.9,1.1,1,8.85,-1.4,44.7,-2.6,-0.2,59.47,Human
5,8.9,0,8.55,37,45.0,-0.2,-2.2,44.8,-1.0,-0.2,0.9,-4.2,1.0,1,8.9,-2.8,45.3,4.4,-0.2,59.84,Human
5,8.95,0,8.6,37,45.0,-0.2,-2.2,44.9,-1.2,-0.2,0.9,-4.2,1.0,0,,,,,,59.84,Human
5,9.0,0,8.65,38,44.9,-0.2,-1.8,44.7,-2.4,0.3,0.7,-5.3,0.9,1,9.0,-1.4,44.6,-3.7,-0.3,58.36,Human
5,9.05,0,8.7,38,44.9,-0.2,-1.7,44.8,-2.6,0.3,0.7,-5.3,1.0,0,,,,,,58.36,Human
5,9.1,0,8.75,38,44.8,-0.2,-1.7,44.8,-2.9,0.3,0.7,-5.3,1.0,0,,,,,,58.36,Human
5,9.15,0,8.8,38,44.8,-0.2,-1.7,44.8,-3.2,0.3,0.7,-5.3,1.0,0,,,,,,58.36,Human
5,9.2,0,8.85,39,45.2,-0.2,-2.5,45.3,-2.4,-0.5,1.1,-4.2,1.3,1,9.2,-2.8,45.5,-1.5,-0.2,56.92,Human
5,9.25,0,8.9,40,45.4,-0.2,-2.7,43.7,5.9,-0.7,-0.6,4.5,0.0,1,9.25,-2.8,42.2,17.1,-0.2,65.09,Human
5,9.3,0,8.95,41,45.5,-0.2,-2.8,44.4,5.3,-0.8,0.2,3.7,0.7,1,9.3,-2.8,45.3,4.0,-0.2,63.57,Human
5,9.35,0,9.0,41,45.4,-0.2,-2.8,44.4,5.5,-0.8,0.2,3.7,0.7,0,,,,,,63.57,Human
5,9.4,0,9.05,41,45.4,-0.2,-2.8,44.5,5.7,-0.8,0.2,3.7,0.7,0,,,,,,63.57,Human
5,9.5,0,9.15,41,45.4,-0.2,-2.9,44.5,6.1,-0.8,0.2,3.7,0.7,0,,,,,,63.57,Human
5,9.55,0,9.2,41,45.4,-0.2,-3.0,44.5,6.2,-0.8,0.2,3.7,0.7,0,,,,,,63.57,Human
5,9.6,0,9.25,41,45.4,-0.2,-3.0,44.5,6.4,-0.8,0.2,3.7,0.8,0,,,,,,63.57,Human
5,9.65,0,9.3,41,45.4,-0.2,-3.0,44.5,6.6,-0.8,0.2,3.7,0.8,0,,,,,,63.57,Human
5,9.7,0,9.35,41,45.4,-0.2,-3.1,44.5,6.8,-0.8,0.2,3.7,0.8,0,,,,,,63.57,Human
5,9.75,0,9.4,41,45.4,-0.2,-3.1,44.5,7.0,-0.8,0.2,3.7,0.8,0,,,,,,63.57,Human
5,9.8,0,9.45,41,45.4,-0.2,-3.2,44.5,7.2,-0.8,0.2,3.7,0.8,0,,,,,,63.57,Human
5,9.85,0,9.5,41,45.4,-0.2,-3.2,44.5,7.4,-0.8,0.2,3.7,0.8,0,,,,,,63.57,Human
5,9.9,0,9.55,41,45.4,-0.2,-3.2,44.5,7.5,-0.8,0.2,3.7,0.8,0,,,,,,63.57,Human
5,9.95,0,9.6,41,45.3,-0.2,-3.3,44.6,7.7,-0.8,0.2,3.7,0.9,0,,,,,,63.57,Human
5,10.0,0,9.65,41,45.3,-0.2,-3.3,44.6,7.9,-0.8,0.2,3.7,0.9,0,,,,,,63.57,Human
5,10.05,0,9.7,41,45.3,-0.2,-3.3,44.6,8.1,-0.8,0.2,3.7,0.9,0,,,,,,63.57,Human
5,10.15,0,9.8,41,45.3,-0.2,-3.4,44.6,8.5,-0.8,0.2,3.7,0.9,0,,,,,,63.57,Human
5,10.2,0,9.85,41,45.3,-0.2,-3.5,44.6,8.7,-0.8,0.2,3.7,0.9,0,,,,,,63.57,Human
5,10.25,0,9.9,41,45.3,-0.2,-3.5,44.6,8.8,-0.8,0.2,3.7,1.0,0,,,,,,63.57,Human
5,10.3,0,9.95,41,45.3,-0.2,-3.5,44.6,9.0,-0.8,0.2,3.7,1.0,0,,,,,,63.57,Human
5,10.35,0,10.0,41,45.3,-0.2,-3.6,44.6,9.2,-0.8,0.2,3.7,1.0,0,,,,,,63.57,Human
5,10.4,0,10.05,41,45.3,-0.2,-3.6,44.6,9.4,-0.8,0.2,3.7,1.0,0,,,,,,63.57,Human
23,11.9,0,11.55,16,8.9,-0.4,5.4,5.6,-4.1,-0.8,1.8,1.7,-0.2,1,11.9,5.3,5.1,-5.1,-0.8,1.9,Human
23,11.95,0,11.6,17,8.9,-0.4,5.3,6.2,-3.4,-0.9,2.3,2.4,0.2,1,11.95,5.3,6.9,-2.1,-0.5,1.99,Human
23,12.0,0,11.65,18,9.5,-0.4,6.0,6.0,-4.1,-0.1,2.0,1.5,0.5,1,12.0,6.9,5.6,-5.7,-0.2,2.21,Human
23,12.05,0,11.7,19,9.3,-0.4,6.1,5.5,-4.2,-0.0,1.3,1.3,0.2,1,12.05,6.1,4.7,-4.5,-0.2,2.1,Human
23,12.1,0,11.75,20,9.2,-0.4,5.9,5.8,-3.8,-0.3,1.6,1.6,0.2,1,12.1,5.6,6.2,-3.2,-0.5,2.03,Human
23,12.15,0,11.8,21,9.1,-0.4,4.7,6.9,-2.0,-1.6,2.8,3.5,0.5,1,12.15,3.1,8.3,1.5,-0.2,3.23,Human
23,12.2,0,11.85,21,9.1,-0.4,4.6,7.1,-1.8,-1.6,2.8,3.5,0.7,0,,,,,,3.23,Human
23,12.25,0,11.9,22,9.0,-0.3,4.9,6.9,-2.1,-1.1,2.4,3.0,0.5,1,12.25,5.3,6.6,-2.9,-0.3,3.15,Human
23,12.3,0,11.95,23,9.0,-0.3,5.3,6.1,-2.9,-0.6,1.4,2.0,-0.0,1,12.3,5.9,5.0,-4.5,-0.2,3.29,Human
23,12.35,0,12.0,24,9.0,-0.4,5.4,6.4,-2.6,-0.4,1.6,2.2,0.2,1,12.35,5.6,6.6,-2.2,-0.8,3.16,Human
23,12.4,0,12.05,24,8.9,-0.4,5.4,6.5,-2.5,-0.4,1.6,2.2,0.3,0,,,,,,3.16,Human
23,12.45,0,12.1,25,8.9,-0.4,5.5,6.2,-2.9,-0.3,1.3,1.6,0.2,1,12.45,5.6,5.9,-3.7,-0.3,3.1,Human
23,12.5,0,12.15,26,8.9,-0.4,5.4,6.6,-2.6,-0.4,1.6,1.9,0.4,1,12.5,5.3,6.9,-2.0,-0.8,3.0,Human
23,12.55,0,12.2,26,8.9,-0.4,5.4,6.7,-2.5,-0.4,1.6,1.9,0.4,0,,,,,,3.0,Human
23,12.6,0,12.25,27,8.9,-0.4,5.6,6.4,-2.7,-0.1,1.2,1.6,0.3,1,12.6,5.9,6.0,-3.1,-0.5,2.9,Human
23,12.7,0,12.35,27,8.8,-0.4,5.6,6.5,-2.5,-0.1,1.2,1.6,0.3,0,,,,,,2.9,Human
23,12.75,0,12.4,27,8.8,-0.4,5.6,6.5,-2.4,-0.1,1.2,1.6,0.4,0,,,,,,2.9,Human
23,12.8,0,12.45,27,8.8,-0.4,5.6,6.6,-2.3,-0.1,1.2,1.6,0.4,0,,,,,,2.9,Human
23,12.85,0,12.5,27,8.8,-0.4,5.6,6.6,-2.3,-0.1,1.2,1.6,0.4,0,,,,,,2.9,Human
23,12.9,0,12.55,27,8.7,-0.4,5.6,6.7,-2.2,-0.1,1.2,1.6,0.4,0,,,,,,2.9,Human
23,12.95,0,12.6,27,8.7,-0.4,5.6,6.8,-2.1,-0.1,1.2,1.6,0.5,0,,,,,,2.9,Human
23,13.0,0,12.65,27,8.7,-0.4,5.6,6.8,-2.0,-0.1,1.2,1.6,0.5,0,,,,,,2.9,Human
23,13.05,0,12.7,27,8.7,-0.4,5.6,6.9,-1.9,-0.1,1.2,1.6,0.5,0,,,,,,2.9,Human
23,13.15,0,12.8,27,8.6,-0.4,5.6,7.0,-1.8,-0.1,1.2,1.6,0.6,0,,,,,,2.9,Human
23,13.2,0,12.85,27,8.6,-0.4,5.6,7.1,-1.7,-0.1,1.2,1.6,0.6,0,,,,,,2.9,Human
23,13.25,0,12.9,27,8.6,-0.4,5.6,7.1,-1.6,-0.1,1.2,1.6,0.6,0,,,,,,2.9,Human
23,13.3,0,12.95,27,8.5,-0.4,5.6,7.2,-1.5,-0.1,1.2,1.6,0.6,0,,,,,,2.9,Human
23,13.35,0,13.0,27,8.5,-0.4,5.6,7.2,-1.5,-0.1,1.2,1.6,0.7,0,,,,,,2.9,Human
26,13.35,0,13.0,19,42.7,-0.4,-4.8,39.9,15.0,-4.6,1.4,8.3,4.7,1,13.35,-4.1,40.3,17.1,-0.7,265.17,Human
23,13.4,0,13.05,27,8.5,-0.4,5.6,7.3,-1.4,-0.1,1.2,1.6,0.7,0,,,,,,2.9,Human
26,13.4,0,13.05,19,42.7,-0.4,-5.1,40.0,15.5,-4.6,1.4,8.3,4.9,0,,,,,,265.17,Human
23,13.45,0,13.1,27,8.4,-0.4,5.6,7.3,-1.3,-0.1,1.2,1.6,0.7,0,,,,,,2.9,Human
26,13.45,0,13.1,19,42.7,-0.4,-5.3,40.0,15.9,-4.6,1.4,8.3,5.0,0,,,,,,265.17,Human
23,13.55,0,13.2,27,8.4,-0.4,5.5,7.5,-1.1,-0.1,1.2,1.6,0.8,0,,,,,,2.9,Human
26,13.55,0,13.2,20,42.5,-0.3,-5.5,37.5,19.2,-4.2,-1.8,11.2,4.0,1,13.55,-5.3,36.0,21.6,-0.2,252.43,Human
23,13.6,0,13.25,27,8.4,-0.4,5.5,7.5,-1.1,-0.1,1.2,1.6,0.8,0,,,,,,2.9,Human
26,13.6,0,13.25,21,42.4,-0.3,-4.8,39.2,15.7,-3.2,0.2,6.6,3.0,1,13.6,-4.0,41.0,9.8,-0.2,244.55,Human
23,13.65,0,13.3,28,8.9,-0.4,5.1,6.4,-3.6,-0.4,0.3,-0.3,0.1,1,13.65,5.0,6.3,-3.8,-0.2,3.09,Human
26,13.65,0,13.3,21,42.4,-0.3,-5.0,39.2,16.0,-3.2,0.2,6.6,3.1,0,,,,,,244.55,Human
23,13.7,0,13.35,29,8.9,-0.4,5.2,6.7,-2.7,-0.3,0.6,0.5,0.1,1,13.7,5.3,7.0,-1.8,-0.3,3.08,Human
26,13.7,0,13.35,21,42.4,-0.3,-5.1,39.2,16.3,-3.2,0.2,6.6,3.1,0,,,,,,244.55,Human
23,13.75,0,13.4,29,8.9,-0.4,5.2,6.8,-2.6,-0.3,0.6,0.5,0.1,0,,,,,,3.08,Human
26,13.75,0,13.4,22,43.2,-0.3,-3.7,41.7,11.9,-1.5,2.9,1.6,3.4,1,13.75,-2.7,43.3,7.2,-0.3,237.01,Human
23,13.8,0,13.45,29,8.9,-0.4,5.2,6.8,-2.6,-0.3,0.6,0.5,0.1,0,,,,,,3.08,Human
26,13.8,0,13.45,22,43.2,-0.3,-3.8,41.9,11.9,-1.5,2.9,1.6,3.4,0,,,,,,237.01,Human
23,13.9,0,13.55,29,8.9,-0.4,5.1,6.8,-2.6,-0.3,0.6,0.5,0.1,0,,,,,,3.08,Human
26,13.9,0,13.55,22,43.1,-0.3,-4.0,42.1,12.1,-1.5,2.9,1.6,3.4,0,,,,,,237.01,Human
23,13.95,0,13.6,29,8.8,-0.4,5.1,6.9,-2.5,-0.3,0.6,0.5,0.1,0,,,,,,3.08,Human
26,13.95,0,13.6,23,42.7,-0.3,-4.9,34.1,21.8,-2.5,-6.6,12.1,1.2,1,13.95,-5.3,29.9,29.5,-0.2,239.24,Human
23,14.0,0,13.65,29,8.8,-0.4,5.1,6.9,-2.5,-0.3,0.6,0.5,0.1,0,,,,,,3.08,Human
26,14.0,0,13.65,23,42.7,-0.3,-5.0,33.8,22.4,-2.5,-6.6,12.1,1.4,0,,,,,,239.24,Human
23,14.05,0,13.7,29,8.8,-0.4,5.1,6.9,-2.5,-0.3,0.6,0.5,0.1,0,,,,,,3.08,Human
26,14.05,0,13.7,24,42.5,-0.3,-6.0,36.1,20.3,-3.4,-3.7,9.3,1.7,1,14.05,-6.6,38.0,17.5,-0.2,230.09,Human
23,14.1,0,13.75,29,8.8,-0.4,5.1,7.0,-2.5,-0.3,0.6,0.5,0.1,0,,,,,,3.08,Human
26,14.1,0,13.75,25,43.1,-0.3,-5.2,38.2,18.8,-2.4,-1.2,7.2,2.4,1,14.1,-4.1,40.8,15.9,-0.5,221.45,Human
23,14.15,0,13.8,29,8.8,-0.4,5.0,7.0,-2.4,-0.3,0.6,0.5,0.1,0,,,,,,3.08,Human
26,14.15,0,13.8,25,43.1,-0.3,-5.3,38.2,19.2,-2.4,-1.2,7.2,2.5,0,,,,,,221.45,Human
23,14.2,0,13.85,30,8.9,-0.4,2.7,8.4,0.1,-2.6,1.9,2.7,1.0,1,14.2,2.2,8.6,0.9,-0.3,3.34,Human
26,14.2,0,13.85,25,43.1,-0.3,-5.4,38.1,19.5,-2.4,-1.2,7.2,2.5,0,,,,,,221.45,Human
23,14.25,0,13.9,30,8.9,-0.4,2.5,8.5,0.2,-2.6,1.9,2.7,1.1,0,,,,,,3.34,Human
26,14.25,0,13.9,25,43.0,-0.3,-5.5,38.0,19.9,-2.4,-1.2,7.2,2.6,0,,,,,,221.45,Human
23,14.3,0,13.95,31,8.9,-0.4,4.7,4.5,-3.2,-0.2,-2.2,-0.6,-1.0,1,14.3,6.1,2.0,-6.2,-0.7,4.61,Human
26,14.3,0,13.95,25,43.0,-0.3,-5.6,38.0,20.3,-2.4,-1.2,7.2,2.7,0,,,,,,221.45,Human
23,14.35,0,14.0,32,8.9,-0.4,5.4,4.0,-4.2,0.5,-2.7,-1.6,-0.2,1,14.35,6.1,3.6,-5.4,-0.7,4.61,Human
26,14.35,0,14.0,25,43.0,-0.3,-5.8,37.9,20.6,-2.4,-1.2,7.2,2.7,0,,,,,,221.45,Human
23,14.4,0,14.05,33,8.9,-0.5,5.9,3.4,-4.8,1.0,-3.3,-2.1,0.6,1,14.4,6.4,2.7,-5.6,-0.7,4.52,Human
26,14.4,0,14.05,26,43.1,-0.3,-5.5,40.7,14.0,-2.0,1.7,0.4,1.9,1,14.4,-5.4,41.6,10.1,-0.5,217.2,Human
23,14.45,0,14.1,33,8.9,-0.5,5.9,3.2,-4.9,1.0,-3.3,-2.1,0.7,0,,,,,,4.52,Human
26,14.45,0,14.1,27,43.8,-0.3,-4.1,41.8,13.4,-0.4,2.8,-0.2,2.7,1,14.45,-2.8,42.8,12.7,-0.2,208.9,Human
23,14.55,0,14.2,33,8.8,-0.5,6.0,2.9,-5.1,1.0,-3.3,-2.1,0.9,0,,,,,,4.52,Human
26,14.55,0,14.2,27,43.8,-0.3,-4.2,42.1,13.4,-0.4,2.8,-0.2,2.7,0,,,,,,208.9,Human
23,14.6,0,14.25,33,8.8,-0.5,6.1,2.7,-5.2,1.0,-3.3,-2.1,0.9,0,,,,,,4.52,Human
26,14.6,0,14.25,27,43.8,-0.3,-4.2,42.3,13.4,-0.4,2.8,-0.2,2.7,0,,,,,,208.9,Human
23,14.65,0,14.3,33,8.8,-0.5,6.1,2.5,-5.3,1.0,-3.3,-2.1,1.0,0,,,,,,4.52,Human
26,14.65,0,14.3,27,43.8,-0.3,-4.2,42.4,13.4,-0.4,2.8,-0.2,2.7,0,,,,,,208.9,Human
23,14.7,0,14.35,33,8.7,-0.5,6.2,2.4,-5.4,1.0,-3.3,-2.1,1.1,0,,,,,,4.52,Human
26,14.7,0,14.35,28,43.4,-0.3,-12.5,32.5,-11.4,-9.9,-8.7,-26.7,3.3,1,14.7,-16.1,28.1,-28.5,-0.2,263.66,Human
23,14.75,0,14.4,34,8.9,-0.5,6.2,3.7,-5.2,1.0,-1.6,-1.8,1.0,1,14.75,6.1,4.2,-5.0,-0.7,4.39,Human
26,14.75,0,14.4,28,43.4,-0.3,-13.0,32.0,-12.7,-9.9,-8.7,-26.7,4.4,0,,,,,,263.66,Human
23,14.8,0,14.45,34,8.8,-0.5,6.2,3.6,-5.3,1.0,-1.6,-1.8,1.1,0,,,,,,4.39,Human
26,14.8,0,14.45,28,43.4,-0.3,-13.5,31.6,-14.0,-9.9,-8.7,-26.7,5.4,0,,,,,,263.66,Human
23,14.85,0,14.5,34,8.8,-0.5,6.3,3.5,-5.4,1.0,-1.6,-1.8,1.1,0,,,,,,4.39,Human
26,14.85,0,14.5,28,43.4,-0.3,-14.0,31.2,-15.4,-9.9,-8.7,-26.7,6.4,0,,,,,,263.66,Human
23,14.95,0,14.6,34,8.7,-0.5,6.4,3.4,-5.5,1.0,-1.6,-1.8,1.2,0,,,,,,4.39,Human
26,14.95,0,14.6,28,43.4,-0.3,-15.0,30.3,-18.0,-9.9,-8.7,-26.7,8.4,0,,,,,,263.66,Human
23,15.0,0,14.65,35,8.4,-0.5,5.6,1.4,-5.9,0.1,-3.7,-2.1,0.9,1,15.0,5.3,0.8,-6.1,-0.5,4.27,Human
26,15.0,0,14.65,28,43.4,-0.3,-15.5,29.9,-19.4,-9.9,-8.7,-26.7,9.5,0,,,,,,263.66,Human
23,15.05,0,14.7,35,8.3,-0.5,5.6,1.3,-6.0,0.1,-3.7,-2.1,1.0,0,,,,,,4.27,Human
26,15.05,0,14.7,28,43.3,-0.3,-16.0,29.4,-20.7,-9.9,-8.7,-26.7,10.5,0,,,,,,263.66,Human
23,15.1,0,14.75,35,8.3,-0.5,5.6,1.1,-6.1,0.1,-3.7,-2.1,1.1,0,,,,,,4.27,Human
26,15.1,0,14.75,28,43.3,-0.3,-16.5,29.0,-22.0,-9.9,-8.7,-26.7,11.5,0,,,,,,263.66,Human
23,15.15,0,14.8,36,9.1,-0.4,5.5,5.1,-4.6,-0.0,0.7,-0.5,0.7,1,15.15,5.5,7.3,-3.4,-0.7,4.37,Human
26,15.15,0,14.8,28,43.3,-0.3,-17.0,28.6,-23.4,-9.9,-8.7,-26.7,12.6,0,,,,,,263.66,Human
23,15.2,0,14.85,36,9.1,-0.4,5.5,5.1,-4.7,-0.0,0.7,-0.5,0.7,0,,,,,,4.37,Human
26,15.2,0,14.85,28,43.3,-0.3,-17.5,28.1,-24.7,-9.9,-8.7,-26.7,13.6,0,,,,,,263.66,Human
23,15.25,0,14.9,36,9.0,-0.4,5.5,5.2,-4.7,-0.0,0.7,-0.5,0.7,0,,,,,,4.37,Human
26,15.25,0,14.9,28,43.3,-0.3,-18.0,27.7,-26.0,-9.9,-8.7,-26.7,14.6,0,,,,,,263.66,Human
23,15.3,0,14.95,36,9.0,-0.4,5.5,5.2,-4.7,-0.0,0.7,-0.5,0.7,0,,,,,,4.37,Human
26,15.3,0,14.95,28,43.3,-0.3,-18.5,27.2,-27.4,-9.9,-8.7,-26.7,15.6,0,,,,,,263.66,Human
23,15.35,0,15.0,37,9.4,-0.4,6.1,3.8,-5.9,0.6,-0.8,-1.6,1.1,1,15.35,6.4,3.1,-6.7,-0.2,4.35,Human
26,15.35,0,15.0,28,43.3,-0.3,-19.0,26.8,-28.7,-9.9,-8.7,-26.7,16.7,0,,,,,,263.66,Human
23,15.4,0,15.05,37,9.4,-0.4,6.2,3.7,-6.0,0.6,-0.8,-1.6,1.1,0,,,,,,4.35,Human
26,15.4,0,15.05,28,43.3,-0.3,-19.5,26.4,-30.1,-9.9,-8.7,-26.7,17.7,0,,,,,,263.66,Human
23,15.45,0,15.1,37,9.4,-0.4,6.2,3.7,-6.1,0.6,-0.8,-1.6,1.1,0,,,,,,4.35,Human
26,15.45,0,15.1,28,43.3,-0.3,-20.0,25.9,-31.4,-9.9,-8.7,-26.7,18.7,0,,,,,,263.66,Human
23,15.5,0,15.15,37,9.4,-0.4,6.2,3.7,-6.1,0.6,-0.8,-1.6,1.2,0,,,,,,4.35,Human
26,15.5,0,15.15,28,43.3,-0.3,-20.5,25.5,-32.7,-9.9,-8.7,-26.7,19.7,0,,,,,,263.66,Human
23,15.55,0,15.2,37,9.4,-0.4,6.3,3.6,-6.2,0.6,-0.8,-1.6,1.2,0,,,,,,4.35,Human
26,15.55,0,15.2,28,43.2,-0.3,-21.0,25.1,-34.1,-9.9,-8.7,-26.7,20.8,0,,,,,,263.66,Human
23,15.6,0,15.25,37,9.4,-0.4,6.3,3.6,-6.3,0.6,-0.8,-1.6,1.2,0,,,,,,4.35,Human
26,15.6,0,15.25,28,43.2,-0.3,-21.5,24.6,-35.4,-9.9,-8.7,-26.7,21.8,0,,,,,,263.66,Human
23,15.65,0,15.3,37,9.4,-0.4,6.3,3.5,-6.4,0.6,-0.8,-1.6,1.2,0,,,,,,4.35,Human
26,15.65,0,15.3,28,43.2,-0.3,-22.0,24.2,-36.7,-9.9,-8.7,-26.7,22.8,0,,,,,,263.66,Human
23,15.7,0,15.35,37,9.4,-0.4,6.3,3.5,-6.5,0.6,-0.8,-1.6,1.3,0,,,,,,4.35,Human
26,15.7,0,15.35,28,43.2,-0.3,-22.5,23.8,-38.1,-9.9,-8.7,-26.7,23.9,0,,,,,,263.66,Human
23,15.75,0,15.4,37,9.3,-0.4,6.4,3.5,-6.6,0.6,-0.8,-1.6,1.3,0,,,,,,4.35,Human
26,15.75,0,15.4,28,43.2,-0.3,-23.0,23.3,-39.4,-9.9,-8.7,-26.7,24.9,0,,,,,,263.66,Human
23,15.8,0,15.45,37,9.3,-0.4,6.4,3.4,-6.6,0.6,-0.8,-1.6,1.3,0,,,,,,4.35,Human
23,15.9,0,15.55,37,9.3,-0.4,6.5,3.4,-6.8,0.6,-0.8,-1.6,1.3,0,,,,,,4.35,Human
23,15.95,0,15.6,37,9.3,-0.4,6.5,3.3,-6.9,0.6,-0.8,-1.6,1.4,0,,,,,,4.35,Human
23,16.0,0,15.65,37,9.3,-0.4,6.5,3.3,-7.0,0.6,-0.8,-1.6,1.4,0,,,,,,4.35,Human
23,16.05,0,15.7,37,9.3,-0.4,6.6,3.2,-7.0,0.6,-0.8,-1.6,1.4,0,,,,,,4.35,Human
23,16.1,0,15.75,37,9.2,-0.4,6.6,3.2,-7.1,0.6,-0.8,-1.6,1.4,0,,,,,,4.35,Human
23,16.15,0,15.8,37,9.2,-0.4,6.6,3.2,-7.2,0.6,-0.8,-1.6,1.4,0,,,,,,4.35,Human
23,16.2,0,15.85,37,9.2,-0.4,6.7,3.1,-7.3,0.6,-0.8,-1.6,1.5,0,,,,,,4.35,Human
23,16.25,0,15.9,37,9.2,-0.4,6.7,3.1,-7.4,0.6,-0.8,-1.6,1.5,0,,,,,,4.35,Human
23,16.3,0,15.95,37,9.2,-0.4,6.7,3.0,-7.4,0.6,-0.8,-1.6,1.5,0,,,,,,4.35,Human
23,16.35,0,16.0,37,9.2,-0.4,6.7,3.0,-7.5,0.6,-0.8,-1.6,1.5,0,,,,,,4.35,Human
23,16.4,0,16.05,37,9.2,-0.4,6.8,3.0,-7.6,0.6,-0.8,-1.6,1.6,0,,,,,,4.35,Human
